tempo,deslocamento,velocidade,aceleracao
0.0,0.0,0.0,1.5
0.001,7.503162837455067e-07,0.0015009484681303574,1.5018954041882653
0.002,3.0025272054409526e-06,0.0030037877434241095,1.503781613520414
0.003,6.758518974017085e-06,0.004508508628613159,1.505658623179632
0.004,1.2020168598735294e-05,0.0060151019216340374,1.5075264283919891
0.005,1.8789343884413684e-05,0.007523558415670787,1.5093850244264433
0.006,2.7067903426696032e-05,0.009033868899197859,1.5112344065948502
0.007,3.685769660736364e-05,0.010546024156023008,1.5130745702519683
0.008,4.8160563589690094e-05,0.012060014965330206,1.5149055107954656
0.009000000000000001,6.097833531383895e-05,0.013575832101722545,1.516727223665926
0.01,7.531283349230428e-05,0.015093466335265164,1.5185397043468554
0.011,9.116587060539423e-05,0.016612908431528173,1.5203429483646884
0.012,0.00010853924989675739,0.018134149151629583,1.5221369512887926
0.013000000000000001,0.00012743476536895224,0.019657179252278237,1.5239217087314747
0.014,0.00014785420177905941,0.02118198948581676,1.5256972163479865
0.015,0.00016979933463433691,0.022708570600264506,1.5274634698365297
0.016,0.0001932719301879184,0.0242369133393605,1.529220464938261
0.017,0.00021827374543455428,0.02576700844260641,1.5309681974372953
0.018000000000000002,0.0002448065281063958,0.027298846645309502,1.532706663160714
0.019,0.0002728720166688223,0.0288324186786256,1.534435857978566
0.02,0.000302471940316311,0.030367715269602066,1.5361557778038737
0.021,0.0003336080189683502,0.03190472714122078,1.5378664185926363
0.022,0.0003662819632653953,0.0334434450124411,1.5395677763438345
0.023,0.00040049547456486755,0.034983859598242864,1.5412598470994336
0.024,0.0004362502449371964,0.036525961609669366,1.5429426269443878
0.025,0.00047354795716190404,0.03806974175387035,1.5446161120066424
0.026000000000000002,0.0005123902847237337,0.03961519073414501,1.5462802984571378
0.027,0.0005527788918088203,0.04116229924998497,1.5479351825098122
0.028,0.0005947154333009048,0.042711057997117295,1.5495807604216054
0.029,0.0006382015547775904,0.04426145766754749,1.55121702849246
0.03,0.0006832388925066433,0.0458134889496025,1.552843983065324
0.031,0.0007298290734423353,0.04736714252797374,1.5544616205261548
0.032,0.0007779737152218295,0.048922409083760075,1.556069937303919
0.033,0.0008276744261616097,0.050479279294510834,1.5576689298705957
0.034,0.0008789328052539522,0.05203774383426885,1.5592585947411781
0.035,0.0009317504421634407,0.05359779337361345,1.5608389284736743
0.036000000000000004,0.0009861289172235245,0.05515941857970347,1.5624099276691104
0.037,0.0010420698014331194,0.05672261011632028,1.5639715889715293
0.038,0.0010995746564532516,0.058287358643910825,1.5655239090679933
0.039,0.0011586450346037452,0.0598536548196306,1.5670668846885847
0.04,0.0012192824788599518,0.061421489297386694,1.5686005126064058
0.041,0.001281488522849524,0.06299085272788081,1.5701247896375807
0.042,0.001345264690849231,0.0645617357586523,1.5716397126412536
0.043000000000000003,0.0014106124977818185,0.06613412903412116,1.5731452785195912
0.044,0.0014775334492129104,0.06770802319563106,1.5746414842177803
0.045,0.0015460290413479537,0.06928340888149237,1.5761283267240298
0.046,0.0016161007610292074,0.07086027672702518,1.5776058030695677
0.047,0.001687750085732773,0.0724386173646023,1.5790739103286429
0.048,0.0017609784835656696,0.07401842142369235,1.580532645618523
0.049,0.0018357874132629503,0.07559967953090266,1.5819820060994936
0.05,0.001912178324184863,0.0771823823100224,1.5834219889748578
0.051000000000000004,0.0019901526563140537,0.07876652038206555,1.5848525914909324
0.052000000000000005,0.0020697118402528123,0.0803520843653139,1.586273810937051
0.053,0.002150857297220363,0.08193906487536007,1.5876856446455572
0.054,0.002233590439050195,0.08352745252515055,1.5890880899918052
0.055,0.0023179126681874404,0.08511723792502868,1.5904811443941582
0.056,0.0024038253776862894,0.08670841168277765,1.591864805313986
0.057,0.002491329951207454,0.08830096440366356,1.5932390702556594
0.058,0.002580427763015671,0.08989488669047833,1.594603936766553
0.059000000000000004,0.0026711201779772513,0.09149016914358281,1.5959594024370378
0.06,0.0027634085515576673,0.09308680236094968,1.5973054649004805
0.061,0.0028572942298191895,0.0946847769382065,1.5986421218332392
0.062,0.00295277854941856,0.09628408346867867,1.5999693709546616
0.063,0.0030498628376047147,0.09788471254343244,1.6012872100270796
0.064,0.0031485484122165423,0.09948665475131788,1.6025956368558065
0.065,0.003248836581680692,0.10108990067901187,1.6038946492891335
0.066,0.003350728645009422,0.10269444091106106,1.6051842452183247
0.067,0.0034542258917984892,0.10430026602992484,1.6064644225776143
0.068,0.0035593296022250844,0.10590736661601834,1.607735179344199
0.069,0.003666041047045809,0.10751573324775535,1.6089965135382376
0.07,0.003774361487594696,0.10912535650159129,1.6102484232228438
0.07100000000000001,0.0038842921757812716,0.1107362269520662,1.6114909065040808
0.07200000000000001,0.003995834354088663,0.11234833517184761,1.6127239615309572
0.073,0.0041089892555717464,0.11396167173177359,1.6139475864954218
0.074,0.0042237581038553395,0.11557622720089557,1.6151617796323574
0.075,0.004340142113132436,0.11719199214652135,1.6163665392195747
0.076,0.004458142488162482,0.118808957134258,1.6175618635778082
0.077,0.0045777604242697,0.1204271127280548,1.6187477510707078
0.078,0.004698997107341451,0.12204644949024611,1.6199242001048348
0.079,0.0048218537138266385,0.12366695798159431,1.6210912091296537
0.08,0.004946331410734162,0.1252886287613327,1.622248776637526
0.081,0.005072431355631408,0.1269114523872084,1.623396901163705
0.082,0.005200154696642784,0.1285354194155252,1.624535581286327
0.083,0.005329502572448297,0.1301605204011865,1.6256648156264033
0.084,0.005460476112282176,0.1317867458977381,1.6267846028478166
0.085,0.0055930764359315354,0.13341408645741112,1.6278949416573096
0.08600000000000001,0.00572730465373508,0.1350425326311649,1.6289958308044796
0.08700000000000001,0.005863161866581856,0.13667207496872974,1.6300872690817694
0.088,0.006000649165910044,0.13830270401864986,1.6311692553244603
0.089,0.006139767633705793,0.13993441032832613,1.6322417884106626
0.09,0.006280518342502099,0.14156718444405894,1.6333048672613097
0.091,0.0064229023553777275,0.14320101691109108,1.6343584908401452
0.092,0.006566920725956173,0.14483589827365043,1.6354026581537189
0.093,0.006712574498404671,0.14647181907499282,1.6364373682513746
0.094,0.0068598647074332424,0.14810876985744487,1.6374626202252425
0.095,0.00700879237829379,0.14974674116244663,1.6384784132102288
0.096,0.00715935852677923,0.15138572353059454,1.6394847463840079
0.097,0.007311564159222671,0.153025707501684,1.6404816189670106
0.098,0.007465410272496635,0.1546666836147523,1.641469030222416
0.099,0.007620897854012319,0.15630864240812123,1.6424469794561412
0.1,0.007778027881718903,0.15795157441943986,1.6434154660168299
0.101,0.007936801324102896,0.15959547018572728,1.644374489295843
0.10200000000000001,0.008097219140187531,0.1612403202434153,1.645324048727249
0.10300000000000001,0.008259282279532196,0.16288611512839113,1.646264143787811
0.10400000000000001,0.00842299168223191,0.16453284537604007,1.6471947739969772
0.105,0.008588348278916845,0.16618050152128827,1.6481159389168705
0.106,0.008755352990751891,0.16782907409864528,1.6490276381522753
0.107,0.008924006729436253,0.16947855364224676,1.6499298713506274
0.108,0.009094310397203103,0.17112893068589716,1.650822638202002
0.109,0.00926626488681927,0.1727801957631123,1.6517059384391022
0.11,0.009439871081584974,0.174432339407162,1.652579771837247
0.111,0.009615129855333596,0.17608535215111273,1.6534441382143583
0.112,0.0097920420724315,0.17773922452787017,1.6542990374309494
0.113,0.009970608587777898,0.17939394707022177,1.6551444693901127
0.114,0.010150830246804743,0.18104951031087943,1.6559804340375062
0.115,0.010332707885476682,0.1827059047825219,1.656806931361341
0.116,0.01051624233029104,0.18436312101783747,1.6576239613923682
0.117,0.010701434398277854,0.18602114954956642,1.658431524203866
0.11800000000000001,0.010888284896999948,0.18767998091054358,1.659229619911626
0.11900000000000001,0.01107679462455304,0.1893396056337408,1.66001824867394
0.12,0.011266964369565912,0.19100001425230953,1.6607974106915853
0.121,0.011458794911200599,0.19266119729962314,1.661567106207811
0.122,0.011652287019152642,0.19432314530931954,1.662327335508326
0.123,0.01184744145365137,0.19598584881534356,1.6630780989212806
0.124,0.012044258965460226,0.1976492983519894,1.6638193968172565
0.125,0.012242740295877139,0.19931348445394306,1.6645512296092493
0.126,0.012442886176734941,0.2009783976563247,1.665273597752654
0.127,0.012644697330401817,0.20264402849473107,1.665986501745251
0.128,0.012848174469781802,0.20431036750527792,1.6666899421271906
0.129,0.013053318298315329,0.20597740522464233,1.667383919480977
0.13,0.013260129509979802,0.20764513219010505,1.668068434431453
0.131,0.013468608789290229,0.2093135389395928,1.6687434876457847
0.132,0.013678756811299882,0.2109826160117207,1.6694090798334462
0.133,0.013890574241601013,0.21265235394583437,1.670065211746202
0.134,0.014104061736325599,0.21432274328205245,1.670711884178092
0.135,0.014319219942146142,0.21599377456130867,1.6713490979654135
0.136,0.014536049496276503,0.21766543832539423,1.6719768539867077
0.137,0.01475455102647278,0.21933772511699995,1.6725951531627397
0.138,0.01497472515103423,0.22101062547975855,1.6732039964564827
0.139,0.015196572478804229,0.22268412995828682,1.6738033848731027
0.14,0.015420093609171282,0.22435822909822778,1.6743933194599374
0.14100000000000001,0.015645289132070066,0.2260329134462929,1.674973801306483
0.14200000000000002,0.015872159627982524,0.22770817355030415,1.6755448315443728
0.14300000000000002,0.01610070566793899,0.22938399995923628,1.6761064113473625
0.14400000000000002,0.016330927813519365,0.2310603832232588,1.67665854193131
0.145,0.01656282661685434,0.23273731389377816,1.677201224554158
0.146,0.01679640262062665,0.23441478252347972,1.6777344605159166
0.147,0.017031656358072366,0.23609277966636993,1.678258251158643
0.148,0.017268588352982246,0.2377712958778183,1.6787725978664245
0.149,0.017507199119703113,0.23945032171459946,1.6792775020653583
0.15,0.017747489163139295,0.24112984773493507,1.6797729652235331
0.151,0.01798945897875407,0.24280986449853592,1.6802589888510102
0.152,0.018233109052571198,0.24449036256664383,1.6807355744998038
0.153,0.018478439861176463,0.2461713325020736,1.681202723763861
0.154,0.01872545187171926,0.2478527648692549,1.6816604382790432
0.155,0.018974145541914247,0.24953465023427426,1.682108719723105
0.156,0.01922452132004301,0.2512169791649169,1.6825475698156742
0.157,0.01947657964495579,0.2528997422307086,1.6829769903182334
0.158,0.01973032094607324,0.25458293000295745,1.6833969830340962
0.159,0.019985745643388227,0.2562665330547959,1.6838075498083909
0.16,0.020242854147467685,0.25795054196122236,1.684208692528035
0.161,0.020501646859454492,0.259634947299143,1.6846004131217192
0.162,0.02076212417106941,0.2613197396474136,1.6849827135598816
0.163,0.02102428646461304,0.2630049095868813,1.6853555958546893
0.164,0.02128813411296785,0.2646904477004261,1.6857190620600166
0.165,0.021553667479600223,0.26637634457300297,1.686073114271423
0.166,0.021820886918562543,0.26806259079168304,1.68641775462613
0.167,0.02208979277449535,0.2697491769456956,1.6867529853030028
0.168,0.022360385382629504,0.2714360936264696,1.687078808522524
0.169,0.022632665068788416,0.2731233314276752,1.6873952265467738
0.17,0.0229066321493903,0.27481088094526557,1.6877022416794074
0.171,0.023182286931450483,0.2764987327775182,1.6879998562656304
0.17200000000000001,0.02345962971258375,0.2781868775250766,1.688288072692179
0.17300000000000001,0.023738660781006737,0.27987530579099174,1.6885668933872942
0.17400000000000002,0.024019380415540335,0.2815640081807636,1.6888363208206996
0.17500000000000002,0.024301788885612192,0.2832529753023826,1.6890963575035793
0.176,0.0245858864512592,0.2849421977663711,1.6893470059885523
0.177,0.024871673363130065,0.2866316661858247,1.689588268869651
0.178,0.025159149862487885,0.28832137117645384,1.6898201487822941
0.179,0.025448316181212797,0.290011303356625,1.6900426484032667
0.18,0.025739172541804647,0.29170145334740216,1.690255770450693
0.181,0.026031719157385714,0.293391811772588,1.6904595176840134
0.182,0.026325956231703463,0.29508236925876535,1.6906538929039583
0.183,0.02662188395913335,0.29677311643533844,1.690838898952526
0.184,0.026919502524681668,0.298464043934574,1.6910145387129558
0.185,0.027218812103988414,0.3001551423916427,1.6911808151097032
0.186,0.02751981286333024,0.3018464024446603,1.6913377311084155
0.187,0.02782250495962339,0.30353781473472874,1.6914852897159058
0.188,0.028126888540426727,0.3052293699059773,1.6916234939801273
0.189,0.028432963743944772,0.30692105860560387,1.691752346990148
0.19,0.028740730699030798,0.30861287148391586,1.6918718518761249
0.191,0.02905018952518995,0.3103047991943715,1.6919820118092765
0.192,0.029361340332582437,0.3119968323936205,1.692082830001859
0.193,0.029674183222026716,0.3136889617415457,1.6921743097071382
0.194,0.02998871828500277,0.31538117790130343,1.6922564542193625
0.195,0.030304945603655386,0.3170734715393648,1.692329266873738
0.196,0.030622865250797503,0.3187658333255567,1.6923927510463999
0.197,0.03094247728991358,0.3204582539331024,1.6924469101543858
0.198,0.03126378177516301,0.32215072403866285,1.6924917476556096
0.199,0.03158677875138358,0.32384323432237727,1.692527267048833
0.2,0.03191146825409499,0.325535775467904,1.6925534718736364
0.201,0.03223785030950236,0.3272283381624615,1.6925703657103952
0.202,0.03256592493449982,0.3289209130968688,1.692577952180248
0.203,0.032895692136674155,0.3306134909655866,1.6925762349450704
0.20400000000000001,0.03322715191430843,0.33230606246675776,1.692565217707446
0.20500000000000002,0.03356030425638573,0.3339986183022481,1.6925449042106395
0.20600000000000002,0.03389514914259287,0.33569114917768694,1.692515298238565
0.20700000000000002,0.03423168654332419,0.33738364580250796,1.6924764036157607
0.20800000000000002,0.03456991641968539,0.3390760988899896,1.6924282242073572
0.209,0.03490983872349739,0.3407684991572957,1.692370763919051
0.21,0.035251453397300236,0.3424608373255161,1.692304026697073
0.211,0.03559476037435703,0.3441531041197071,1.6922280165281598
0.212,0.03593975957865794,0.3458452902689321,1.6921427374395246
0.213,0.036286450924924225,0.3475373865063018,1.6920481934988267
0.214,0.036634834318612274,0.34922938356901473,1.6919443888141426
0.215,0.036984909655917754,0.35092127219839786,1.691831327533934
0.216,0.03733667682377974,0.3526130431399467,1.6917090138470208
0.217,0.037690135699884886,0.3543046871433657,1.6915774519825466
0.218,0.038045286152671685,0.35599619496260876,1.6914366462099513
0.219,0.038402128041334735,0.3576875573559192,1.6912866008389391
0.22,0.038760661215829016,0.35937876508587013,1.6911273202194474
0.221,0.03912088551687428,0.36106980891940493,1.6909588087416163
0.222,0.03948280077595941,0.362760679627877,1.6907810708357571
0.223,0.03984640681534689,0.3644513679870902,1.6905941109723206
0.224,0.040211703448077216,0.36614186477733895,1.690397933661866
0.225,0.04057869047797346,0.36783216078344816,1.6901925434550287
0.226,0.0409473676996458,0.36952224679481344,1.689977944942489
0.227,0.041317734898496106,0.3712121136054411,1.6897541427549392
0.228,0.041689791850722586,0.3729017520139882,1.6895211415630522
0.229,0.04206353832332444,0.3745911528238023,1.689278946077449
0.23,0.04243897407410657,0.37628030684296165,1.6890275610486647
0.231,0.04281609885168436,0.377969204884315,1.6887669912671186
0.232,0.04319491239548842,0.37965783776552137,1.6884972415630781
0.233,0.043575414435769455,0.38134619630909,1.6882183168066285
0.234,0.04395760469360312,0.3830342713424201,1.6879302219076378
0.23500000000000001,0.04434148288089492,0.38472205369784057,1.6876329618157238
0.23600000000000002,0.04472704870038519,0.38640953421264995,1.6873265415202212
0.23700000000000002,0.04511430184565405,0.38809670372915583,1.687010966050148
0.23800000000000002,0.045503242001126445,0.38978355309471463,1.68668624047417
0.23900000000000002,0.04589386884207723,0.3914700731617713,1.686352369900569
0.24,0.04628618203463627,0.39315625478789884,1.6860093594772065
0.241,0.04668018123579356,0.39484208883583793,1.6856572143914914
0.242,0.04707586609340445,0.39652756617353635,1.6852959398703433
0.243,0.04747323624619487,0.3982126776741886,1.6849255411801605
0.244,0.047872291323766566,0.3998974142162753,1.6845460236267824
0.245,0.04827303094660242,0.4015817666836025,1.6841573925554558
0.246,0.04867545472607183,0.4032657259653414,1.683759653350801
0.247,0.04907956226443602,0.4049492829560673,1.6833528114367737
0.248,0.04948535315485355,0.40663242855579923,1.6829368722766316
0.249,0.04989282698138571,0.408315153670039,1.6825118413728992
0.25,0.050301983319002055,0.40999744920981074,1.6820777242673295
0.251,0.050712821733585954,0.4116793060916997,1.6816345265408703
0.252,0.05112534178194014,0.41336071523789186,1.6811822538136274
0.253,0.051539543011792366,0.41504166757621275,1.6807209117448276
0.254,0.05195542496180103,0.4167221540401667,1.6802505060327846
0.255,0.0523729871615609,0.41840216556897597,1.6797710424148589
0.256,0.05279222913160884,0.42008169310761956,1.6792825266674238
0.257,0.05321315038342959,0.4217607276068724,1.678784964605828
0.258,0.053635750419461566,0.4234392600233442,1.6782783620843567
0.259,0.05406002873310275,0.4251172813195185,1.6777627249961973
0.26,0.05448598480871654,0.4267947824637914,1.6772380592734002
0.261,0.05491361812163772,0.4284717544305104,1.6767043708868412
0.262,0.0553429281381784,0.4301481882000134,1.6761616658461849
0.263,0.05577391431563404,0.4318240747586672,1.675609950199845
0.264,0.056206576102289504,0.4334994050989065,1.675049230034948
0.265,0.05664091293742514,0.43517417021927246,1.6744795114772952
0.266,0.057076924251322894,0.4368483611244513,1.6739008006913227
0.267,0.0575146094652725,0.438521968825313,1.6733131038800642
0.268,0.057953967991577676,0.4401949843389499,1.6727164272851118
0.269,0.058394999233562346,0.44186739868871505,1.672110777186578
0.27,0.05883770258557693,0.443539202904261,1.6714961599030551
0.271,0.05928207743300469,0.44521038802157814,1.6708725817915782
0.272,0.05972812315226803,0.446880945083033,1.6702400492475844
0.273,0.06017583911083496,0.4485508651374067,1.669598568704874
0.274,0.06062522466722547,0.45022013923993354,1.6689481466355702
0.275,0.06107627917101802,0.45188875845233883,1.668288789550081
0.276,0.061529001962856086,0.45355671384287755,1.6676205039970575
0.277,0.06198339237445466,0.4552239964863724,1.666943296563355
0.278,0.062439449728606856,0.45689059746425204,1.6662571738739922
0.279,0.06289717333919054,0.4585565078645892,1.665562142592111
0.28,0.063356562511175,0.4602217187821388,1.6648582094189366
0.281,0.0638176165406276,0.46188622131837603,1.6641453810937354
0.28200000000000003,0.06428033471472061,0.46355000658153434,1.6634236643937756
0.28300000000000003,0.06474471631173788,0.4652130656866434,1.6626930661342862
0.28400000000000003,0.06521076060108172,0.4668753897555671,1.6619535931684144
0.28500000000000003,0.06567846684327974,0.4685369699170414,1.6612052523871867
0.28600000000000003,0.06614783428999176,0.4701977973067123,1.6604480507194646
0.28700000000000003,0.06661886218401665,0.4718578630671734,1.6596819951319048
0.28800000000000003,0.06709154975929944,0.473517158348004,1.6589070926289182
0.289,0.0675658962409382,0.47517567430580654,1.658123350252626
0.29,0.06804190084519116,0.47683340210424446,1.6573307750828195
0.291,0.06851956277948372,0.47849033291407983,1.6565293742369163
0.292,0.06899888124241564,0.4801464579132109,1.6557191548699182
0.293,0.06947985542376815,0.4818017682867098,1.6549001241743713
0.294,0.06996248450451116,0.4834562552268598,1.654072289380319
0.295,0.07044676765681047,0.4851099099331931,1.653235657755263
0.296,0.0709327040440351,0.486762723612528,1.6523902366041177
0.297,0.07142029282076447,0.4884146874790064,1.6515360332691693
0.298,0.07190953313279587,0.49006579275413126,1.6506730551300313
0.299,0.0724004241171518,0.4917160306668037,1.6498013096036
0.3,0.07289296490208733,0.4933653924533604,1.6489208041440142
0.301,0.07338715460709763,0.4950138693576108,1.6480315462426076
0.302,0.07388299234292543,0.49666145263087424,1.6471335434278684
0.303,0.07438047721156855,0.49830813353201703,1.6462268032653928
0.304,0.07487960830628745,0.4999539033274897,1.6453113333578424
0.305,0.07538038471161287,0.5015987532913639,1.6443871413448994
0.306,0.07588280550335344,0.5032426747053697,1.643454234903221
0.307,0.07638686974860334,0.5048856588589318,1.6425126217463966
0.308,0.07689257650575008,0.5065276970492073,1.641562309624903
0.309,0.07739992482448219,0.5081687805811221,1.6406033063260577
0.31,0.07790891374579699,0.509808900767408,1.6396356196739752
0.311,0.07841954230200851,0.511448048928639,1.6386592575295222
0.312,0.07893180951675527,0.5130862163932686,1.6376742277902712
0.313,0.07944571440500818,0.5147233944976658,1.6366805383904555
0.314,0.0799612559730785,0.5163595745861526,1.635678197300923
0.315,0.08047843321862581,0.5179947480110398,1.634667212529092
0.316,0.08099724513066603,0.5196289061326643,1.633647592118903
0.317,0.0815176906895794,0.5212620403194247,1.6326193441507757
0.318,0.08203976886711863,0.5228941419478185,1.6315824767415588
0.319,0.08256347862641698,0.5245252024024781,1.6305369980444866
0.32,0.08308881892199646,0.5261552130762076,1.629482916249132
0.321,0.08361578869977596,0.5277841653700186,1.6284202395813594
0.322,0.08414438689707948,0.5294120506931667,1.6273489763032767
0.323,0.08467461244264445,0.5310388604631876,1.6262691347131917
0.324,0.08520646425662996,0.5326645861059336,1.625180723145561
0.325,0.08573994125062516,0.5342892190556094,1.6240837499709462
0.326,0.08627504232765755,0.5359127507548084,1.622978223595963
0.327,0.08681176638220148,0.5375351726545484,1.6218641524632385
0.328,0.08735011230018651,0.5391564762143082,1.6207415450513583
0.329,0.08789007895900594,0.5407766529020627,1.6196104098748219
0.33,0.08843166522752532,0.5423956941943194,1.6184707554839932
0.331,0.08897486996609097,0.5440135915761543,1.6173225904650548
0.332,0.08951969202653857,0.5456303365412472,1.616165923439956
0.333,0.09006613025220184,0.5472459205919177,1.615000763066368
0.334,0.09061418347792112,0.5488603352391611,1.6138271180376325
0.335,0.0911638505300521,0.5504735720026839,1.6126449970827155
0.336,0.09171513022647458,0.5520856224109391,1.611454408966157
0.337,0.09226802137660116,0.5536964780011621,1.6102553624880214
0.338,0.0928225227813861,0.5553061303194061,1.6090478664838503
0.339,0.09337863323333413,0.5569145709205777,1.6078319298246126
0.34,0.09393635151650935,0.5585217913684721,1.6066075614166535
0.341,0.09449567640654408,0.5601277832358084,1.605374770201647
0.342,0.09505660667064786,0.561732538104265,1.6041335651565458
0.343,0.09561914106761639,0.5633360475645152,1.6028839552935308
0.34400000000000003,0.09618327834784057,0.5649383032162616,1.601625949659961
0.34500000000000003,0.09674901725331551,0.5665392966682721,1.600359557338325
0.34600000000000003,0.09731635651764967,0.5681390195384144,1.5990847874461884
0.34700000000000003,0.09788529486607389,0.5697374634536915,1.5978016491361464
0.34800000000000003,0.09845583101545065,0.5713346200502762,1.5965101515957703
0.34900000000000003,0.09902796367428317,0.5729304809735467,1.5952103040475583
0.35000000000000003,0.09960169154272468,0.5745250378781208,1.593902115748885
0.35100000000000003,0.10017701331258765,0.5761182824278913,1.5925855959919493
0.352,0.1007539276673531,0.5777102062960606,1.5912607541037247
0.353,0.10133243328217992,0.5793008011651753,1.5899275994459077
0.354,0.10191252882391424,0.5808900587271612,1.5885861414148648
0.355,0.10249421295109883,0.5824779706833574,1.5872363894415844
0.356,0.10307748431398246,0.5840645287445517,1.5858783529916214
0.357,0.10366234155452951,0.5856497246310147,1.5845120415650487
0.358,0.10424878330642934,0.5872335500725342,1.5831374646964016
0.359,0.10483680819510588,0.5888159968084495,1.581754631954631
0.36,0.10542641483772718,0.5903970565876865,1.5803635529430455
0.361,0.10601760184321503,0.5919767211687912,1.5789642372992638
0.362,0.10661036781225461,0.5935549823199646,1.5775566946951594
0.363,0.10720471133730411,0.5951318318190965,1.5761409348368083
0.364,0.1078006310026045,0.5967072614537999,1.5747169674644375
0.365,0.10839812538418919,0.5982812630214452,1.5732848023523718
0.366,0.10899719304989391,0.599853828329194,1.5718444493089803
0.367,0.10959783255936643,0.6014249491940332,1.5703959181766227
0.368,0.11020004246407646,0.6029946174428094,1.5689392188315983
0.369,0.11080382130732544,0.604562824912262,1.5674743611840896
0.37,0.11140916762425658,0.6061295634490578,1.5660013551781118
0.371,0.1120160799418647,0.6076948249098244,1.5645202107914564
0.372,0.11262455677900625,0.609258601161184,1.5630309380356389
0.373,0.11323459664640931,0.6108208840797874,1.5615335469558453
0.374,0.11384619804668364,0.6123816655523471,1.5600280476308774
0.375,0.11445935947433075,0.6139409374756712,1.558514450173097
0.376,0.11507407941575404,0.6154986917566974,1.5569927647283754
0.377,0.1156903563492689,0.6170549203125252,1.5554630014760342
0.378,0.11630818874511294,0.6186096150704508,1.5539251706287958
0.379,0.11692757506545616,0.6201627679679995,1.552379282432724
0.38,0.11754851376441122,0.6217143709529594,1.550825347167172
0.381,0.11817100328804372,0.6232644159834146,1.5492633751447267
0.382,0.1187950420743825,0.6248128950277783,1.5476933767111536
0.383,0.11942062855343,0.626359800064826,1.5461153622453407
0.384,0.1200477611471726,0.6279051230837286,1.5445293421592443
0.385,0.1206764382695911,0.6294488560840857,1.5429353268978339
0.386,0.12130665832667109,0.6309909910759582,1.5413333269390332
0.387,0.12193841971641352,0.6325315200799013,1.53972335279367
0.388,0.1225717208288451,0.6340704351269977,1.5381054150054152
0.389,0.12320656004602892,0.6356077282588898,1.5364795241507283
0.39,0.12384293574207503,0.6371433915278131,1.5348456908388033
0.391,0.124480846283151,0.6386774169966286,1.5332039257115089
0.392,0.12512029002749256,0.6402097967388555,1.5315542394433355
0.393,0.12576126532541437,0.6417405228387036,1.529896642741336
0.394,0.1264037705193206,0.6432695873911064,1.5282311463450706
0.395,0.1270478039437158,0.6447969825017528,1.5265577610265488
0.396,0.1276933639252155,0.6463227002871199,1.5248764975901747
0.397,0.12834044878255718,0.6478467328745058,1.5231873668726874
0.398,0.12898905682661105,0.649369072402061,1.521490379743105
0.399,0.12963918636039085,0.6508897110188214,1.5197855471026678
0.4,0.13029083567906488,0.6524086408847403,1.5180728798847785
0.401,0.1309440030699668,0.6539258541707201,1.5163523890549482
0.402,0.13159868681260675,0.6554413430586451,1.5146240856107365
0.403,0.13225488517868217,0.656955099741413,1.5128879805816937
0.404,0.13291259643208897,0.6584671164229671,1.511144085029302
0.405,0.13357181882893251,0.659977385318328,1.5093924100469212
0.406,0.13423255061753875,0.6614858986536256,1.5076329667597261
0.40700000000000003,0.1348947900384653,0.6629926486661312,1.5058657663246504
0.40800000000000003,0.13555853532451267,0.6644976276042883,1.5040908199303278
0.40900000000000003,0.13622378470073543,0.6660008277277453,1.5023081387970327
0.41000000000000003,0.13689053638445337,0.6675022413073864,1.5005177341766245
0.41100000000000003,0.1375587885852628,0.6690018606253637,1.4987196173524844
0.41200000000000003,0.13822853950504782,0.6704996779751282,1.4969137996394597
0.41300000000000003,0.1388997873379917,0.6719956856614615,1.4951002923838024
0.41400000000000003,0.1395725302705881,0.6734898760005072,1.4932791069631128
0.41500000000000004,0.1402467664816526,0.6749822413198021,1.4914502547862785
0.41600000000000004,0.14092249414233393,0.6764727739583075,1.4896137472934132
0.417,0.14159971141612557,0.6779614662664404,1.4877695959558015
0.418,0.14227841645887712,0.6794483106061047,1.4859178122758352
0.419,0.1429586074188059,0.6809332993507221,1.4840584077869559
0.42,0.14364028243650834,0.6824164248852634,1.4821913940535931
0.421,0.1443234396449717,0.6838976796062793,1.480316782671107
0.422,0.14500807716958558,0.6853770559219311,1.4784345852657252
0.423,0.14569419312815352,0.6868545462520219,1.4765448134944847
0.424,0.14638178563090473,0.6883301430280272,1.4746474790451698
0.425,0.14707085278050575,0.6898038386931254,1.4727425936362528
0.426,0.1477613926720721,0.6912756257022292,1.4708301690168337
0.427,0.14845340339318022,0.6927454965220152,1.468910216966578
0.428,0.149146883023879,0.6942134436309552,1.4669827492956562
0.429,0.14984182963670173,0.6956794595193462,1.4650477778446835
0.43,0.150538241296678,0.6971435366893413,1.4631053144846589
0.431,0.15123611606134543,0.6986056676549793,1.461155371116902
0.432,0.15193545198076164,0.700065844942216,1.459197959672994
0.433,0.15263624709751616,0.7015240610889536,1.4572330921147154
0.434,0.15333849944674247,0.7029803086450711,1.4552607804339832
0.435,0.15404220705612987,0.7044345801724545,1.4532810366527915
0.436,0.15474736794593558,0.705886868245027,1.4512938728231468
0.437,0.15545398012899678,0.7073371654487784,1.4492993010270092
0.438,0.15616204161074268,0.7087854643817959,1.447297333376228
0.439,0.15687155038920664,0.710231757654293,1.44528798201248
0.44,0.15758250445503832,0.7116760378886401,1.4432712591072088
0.441,0.15829490179151584,0.7131182977193937,1.4412471768615593
0.442,0.15900874037455795,0.7145585297933265,1.4392157475063185
0.443,0.15972401817273632,0.7159967267694564,1.4371769833018504
0.444,0.1604407331472878,0.7174328813190768,1.4351308965380345
0.445,0.16115888325212663,0.7188669861257855,1.4330774995342028
0.446,0.16187846643385684,0.7202990338855144,1.4310168046390768
0.447,0.16259948063178456,0.7217290173065589,1.4289488242307036
0.448,0.16332192377793042,0.7231569291096069,1.4268735707163929
0.449,0.16404579379704193,0.7245827620277683,1.4247910565326563
0.45,0.16477108860660594,0.726006508806604,1.4227012941451382
0.451,0.16549780611686113,0.7274281622041553,1.4206042960485596
0.452,0.16622594423081044,0.7288477149909725,1.4185000747666479
0.453,0.16695550084423363,0.7302651599501441,1.4163886428520764
0.454,0.16768647384569985,0.7316804898773259,1.4142700128863996
0.455,0.16841886111658014,0.7330936975807697,1.4121441974799906
0.456,0.16915266053106018,0.7345047758813518,1.4100112092719743
0.457,0.16988786995615282,0.7359137176126022,1.4078710609301652
0.458,0.17062448725171078,0.7373205156207328,1.4057237651510026
0.459,0.17136251027043933,0.7387251627646665,1.4035693346594862
0.46,0.17210193685790903,0.7401276519160652,1.4014077822091116
0.461,0.17284276485256853,0.7415279759593588,1.3992391205818042
0.462,0.17358499208575723,0.742926127791773,1.3970633625878581
0.463,0.17432861638171823,0.7443221003233582,1.3948805210658664
0.464,0.17507363555761107,0.7457158864770174,1.3926906088826598
0.465,0.17582004742352464,0.7471074791885345,1.3904936389332407
0.466,0.17656784978249007,0.7484968714066026,1.3882896241407163
0.467,0.17731704043049365,0.7498840560928517,1.3860785774562363
0.468,0.17806761715648978,0.7512690262218772,1.3838605118589247
0.46900000000000003,0.17881957774241394,0.7526517747812674,1.3816354403558155
0.47000000000000003,0.17957291996319572,0.7540322947716317,1.3794033759817874
0.47100000000000003,0.18032764158677184,0.755410579206628,1.3771643317994964
0.47200000000000003,0.1810837403740992,0.7567866211129911,1.3749183208993125
0.47300000000000003,0.18184121407916798,0.7581604135305597,1.3726653563992524
0.47400000000000003,0.1826000604490148,0.7595319495123046,1.370405451444912
0.47500000000000003,0.1833602772237358,0.7609012221243556,1.368138619209403
0.47600000000000003,0.1841218621364998,0.7622682244460296,1.3658648728932843
0.47700000000000004,0.18488481291356165,0.7636329495698577,1.3635842257244981
0.47800000000000004,0.18564912727427527,0.7649953906016126,1.3612966909582995
0.47900000000000004,0.18641480293110696,0.7663555406603358,1.3590022818771947
0.48,0.1871818375896488,0.767713392878365,1.356701011790871
0.481,0.18795022894863178,0.7690689404013612,1.3543928940361303
0.482,0.18871997469993926,0.7704221763883355,1.3520779419768236
0.483,0.18949107252862032,0.7717730940116767,1.3497561690037831
0.484,0.1902635201129031,0.7731216864571776,1.3474275885347553
0.485,0.19103731512420824,0.7744679469240622,1.345092214014333
0.486,0.19181245522716234,0.7758118686250126,1.3427500589138899
0.487,0.19258893807961142,0.7771534447861957,1.3404011367315107
0.488,0.19336676133263445,0.7784926686472897,1.3380454609919257
0.489,0.1941459226305568,0.7798295334615107,1.3356830452464425
0.49,0.19492641961096385,0.7811640324956397,1.333313903072877
0.491,0.19570824990471458,0.7824961590300483,1.3309380480754882
0.492,0.1964914111359551,0.7838259063587261,1.3285554938849076
0.493,0.1972759009221324,0.7851532677893058,1.3261662541580732
0.494,0.19806171687400786,0.7864782366430909,1.3237703425781593
0.495,0.19884885659567106,0.7878008062550806,1.3213677728545108
0.496,0.19963731768455342,0.7891209699739969,1.3189585587225734
0.497,0.20042709773144193,0.79043872116231,1.3165427139438248
0.498,0.20121819432049298,0.7917540531962646,1.3141202523057074
0.499,0.2020106050292461,0.7930669594659059,1.3116911876215582
0.5,0.20280432742863772,0.7943774333751052,1.3092555337305418
0.501,0.20359935908301513,0.7956854683415862,1.3068133044975805
0.502,0.20439569755015025,0.7969910577969498,1.3043645138132853
0.503,0.20519334038125356,0.7982941951867009,1.3019091755938865
0.504,0.205992285120988,0.799594873970273,1.2994473037811678
0.505,0.2067925293074829,0.8008930876210543,1.2969789123423916
0.506,0.20759407047234804,0.802188829626413,1.2945040152702345
0.507,0.20839690614068745,0.8034820934877227,1.2920226265827153
0.508,0.20920103383111366,0.8047728727203876,1.289534760323127
0.509,0.21000645105576157,0.8060611608538676,1.2870404305599659
0.51,0.2108131553203026,0.807346951431704,1.2845396513868628
0.511,0.21162114412395872,0.808630238011544,1.2820324369225127
0.512,0.21243041495951667,0.8099110141651662,1.2795188013106054
0.513,0.21324096531334202,0.8111892734785053,1.2769987587197555
0.514,0.21405279266539337,0.812465009551677,1.274472323343432
0.515,0.21486589448923651,0.8137382159990029,1.2719395093998884
0.516,0.2156802682520587,0.8150088864490351,1.2694003311320916
0.517,0.21649591141468283,0.8162770145445812,1.2668548028076536
0.518,0.2173128214315818,0.8175425939427287,1.2643029387187592
0.519,0.21813099575089268,0.8188056183148693,1.2617447531820953
0.52,0.21895043181443116,0.8200660813467238,1.2591802605387827
0.521,0.2197711270577058,0.8213239767383662,1.2566094751543022
0.522,0.22059307890993238,0.8225792982042484,1.254032411418427
0.523,0.22141628479404837,0.8238320394732237,1.251449083745148
0.524,0.22224074212672734,0.825082194288572,1.248859506572607
0.525,0.22306644831839328,0.826329756408023,1.246263694363022
0.526,0.22389340077323522,0.8275747196037808,1.2436616616026193
0.527,0.22472159688922158,0.8288170776625478,1.2410534228015593
0.528,0.22555103405811477,0.8300568243855482,1.2384389924938666
0.529,0.22638170966548574,0.8312939535885524,1.235818385237359
0.53,0.2272136210907284,0.8325284591019003,1.233191615613575
0.531,0.22804676570707436,0.8337603347705254,1.230558698227703
0.532,0.22888114088160744,0.8349895744539778,1.227919647708509
0.533,0.22971674397527836,0.8362161720264485,1.2252744787082643
0.534,0.23055357234291934,0.8374401213767924,1.2226232059026763
0.535,0.2313916233332588,0.8386614164085516,1.219965843990812
0.536,0.23223089428893606,0.8398800510399792,1.2173024076950305
0.537,0.23307138254651605,0.8410960192040621,1.2146329117609085
0.538,0.23391308543650405,0.8423093148485443,1.2119573709571683
0.539,0.2347560002833605,0.8435199319359503,1.2092758000756048
0.54,0.23560012440551575,0.8447278644436077,1.206588213931016
0.541,0.2364454551153849,0.8459331063636704,1.2038946273611275
0.542,0.23729198971938262,0.8471356517031415,1.2011950552265196
0.543,0.238139725517938,0.8483354944838961,1.1984895124105588
0.544,0.23898865980550948,0.849532628742704,1.1957780138193201
0.545,0.2398387898705997,0.8507270485312524,1.193060574381518
0.546,0.24069011299577048,0.8519187479161684,1.1903372090484297
0.547,0.24154262645765773,0.8531077209790419,1.1876079327938274
0.548,0.24239632752698645,0.8542939618164475,1.1848727606138998
0.549,0.24325121346858572,0.8554774645399672,1.1821317075271827
0.55,0.24410728154140368,0.856658223276213,1.179384788574484
0.551,0.24496452899852267,0.8578362321668483,1.1766320188188102
0.552,0.24582295308717414,0.8590114853686112,1.1738734133452957
0.553,0.24668255104875392,0.8601839770533353,1.1711089872611253
0.554,0.24754332011883717,0.8613537014079727,1.1683387556954632
0.555,0.24840525752719358,0.8625206526346159,1.1655627337993797
0.556,0.24926836049780254,0.8636848249505188,1.1627809367457747
0.557,0.25013262624886823,0.8648462125881196,1.1599933797293083
0.558,0.2509980519928349,0.8660048097950617,1.1572000779663218
0.559,0.25186463493640215,0.8671606108342158,1.154401046694768
0.56,0.25273237228053985,0.8683136099837013,1.1515963011741355
0.561,0.2536012612205038,0.8694638015369078,1.148785856685374
0.562,0.2544712989458508,0.8706111798025166,1.1459697285308206
0.5630000000000001,0.255342482640454,0.8717557391045219,1.1431479320341262
0.5640000000000001,0.2562148094825181,0.8728974737822522,1.1403204825401807
0.5650000000000001,0.257088276644595,0.8740363781903917,1.1374873954150373
0.5660000000000001,0.2579628812935988,0.8751724466990008,1.1346486860458407
0.5670000000000001,0.25883862059082136,0.876305673693538,1.1318043698407503
0.5680000000000001,0.25971549169194785,0.87743605357488,1.1289544622288656
0.5690000000000001,0.2605934917470719,0.8785635807593433,1.1260989786601532
0.5700000000000001,0.26147261790071125,0.8796882496787047,1.12323793460537
0.5710000000000001,0.2623528672918231,0.8808100547802223,1.1203713455559896
0.5720000000000001,0.2632342370538197,0.8819289905266557,1.1174992270241275
0.5730000000000001,0.26411672431458383,0.8830450513962872,1.1146215945424642
0.5740000000000001,0.26500032619648434,0.8841582318829416,1.1117384636641718
0.5750000000000001,0.26588503981639156,0.8852685264960076,1.1088498499628394
0.5760000000000001,0.26677086228569313,0.8863759297604574,1.1059557690323958
0.577,0.2676577907103095,0.8874804362168673,1.103056236487035
0.578,0.2685458221907093,0.8885820404214378,1.1001512679611425
0.579,0.2694349538219254,0.8896807369460141,1.0972408791092167
0.58,0.2703251826935702,0.8907765203781056,1.0943250856057956
0.581,0.2712165058898515,0.8918693853209065,1.0914039031453804
0.582,0.27210892048958824,0.8929593263933153,1.0884773474423608
0.583,0.27300242356622595,0.8940463382299549,1.085545434230937
0.584,0.27389701218785273,0.8951304154811922,1.082608179265046
0.585,0.27479268341721497,0.8962115528131579,1.0796655983182857
0.586,0.275689434311733,0.897289744907766,1.0767177071838365
0.587,0.276587261923517,0.8983649864627337,1.073764521674388
0.588,0.2774861632993828,0.8994372721916003,1.0708060576220617
0.589,0.27838613548086766,0.9005065968237471,1.0678423308783351
0.59,0.27928717550424614,0.9015729551044166,1.0648733573139642
0.591,0.280189280400546,0.9026363417947314,1.0618991528189088
0.592,0.28109244719556414,0.9036967516717137,1.0589197333022564
0.593,0.28199667290988234,0.9047541795283045,1.055935114692144
0.594,0.2829019545588833,0.9058086201733824,1.052945312935682
0.595,0.28380828915276657,0.9068600684317822,1.0499503439988784
0.596,0.2847156736965646,0.9079085191443147,1.0469502238665624
0.597,0.2856241051901585,0.9089539671677845,1.043944968542307
0.598,0.2865335806282944,0.9099964073750093,1.04093459404835
0.599,0.2874440970005991,0.9110358346548382,1.0379191164255226
0.6,0.2883556512915963,0.9120722439121703,1.0348985517331672
0.601,0.28926824048072264,0.9131056300679737,1.0318729160490625
0.602,0.29018186154234377,0.9141359880593031,1.0288422254693472
0.603,0.2910965114457705,0.9151633128393185,1.0258064961084417
0.604,0.29201218715527477,0.9161875993773037,1.0227657440989704
0.605,0.29292888563010594,0.9172088426586837,1.0197199855916859
0.606,0.29384660382450684,0.9182270376850439,1.016669236755392
0.607,0.29476533868772997,0.919242179474147,1.0136135137768636
0.608,0.29568508716405373,0.9202542630599516,1.0105528328607722
0.609,0.2966058461927985,0.92126328349263,1.007487210229607
0.61,0.2975276127083431,0.9222692358385857,1.0044166621235968
0.611,0.2984503836401407,0.9232721151804714,1.0013412048006347
0.612,0.29937415591273536,0.9242719166172063,0.9982608545361967
0.613,0.30029892644577816,0.925268635263994,0.9951756276232673
0.614,0.30122469215404357,0.92626226625234,0.9920855403722606
0.615,0.3021514499474457,0.9272528047300683,0.9889906091109417
0.616,0.3030791967310546,0.9282402458613399,0.9858908501843494
0.617,0.30400792940511273,0.9292245848266691,0.9827862799547179
0.618,0.30493764486505126,0.9302058168229412,0.9796769148013991
0.619,0.30586834000150637,0.9311839370634293,0.9765627711207842
0.62,0.3068000117003358,0.9321589407778113,0.9734438653262261
0.621,0.307732656842635,0.933130823212187,0.97032021384796
0.622,0.308666272304754,0.9340995796290948,0.9671918331330259
0.623,0.3096008549583134,0.9350652053075286,0.9640587396451908
0.624,0.3105364016702211,0.9360276955429542,0.9609209498648688
0.625,0.31147290930268867,0.9369870456473263,0.9577784802890437
0.626,0.3124103747132479,0.9379432509491048,0.9546313474311899
0.627,0.31334879475476735,0.9388963067932712,0.951479567821195
0.628,0.31428816627546874,0.939846208541345,0.9483231580052796
0.629,0.3152284861189437,0.9407929515714004,0.9451621345459187
0.63,0.3161697511241701,0.9417365312780818,0.9419965140217654
0.631,0.31711195812552884,0.9426769430726204,0.9388263130275685
0.632,0.3180551039528203,0.9436141823828503,0.9356515481740956
0.633,0.3189991854312809,0.9445482446532243,0.9324722360880544
0.634,0.3199441993816001,0.9454791253448297,0.9292883934120131
0.635,0.3208901426199366,0.9464068199354043,0.9261000368043216
0.636,0.32183701195793507,0.9473313239193524,0.9229071829390324
0.637,0.32278480420274314,0.9482526328077596,0.9197098485058206
0.638,0.3237335161570277,0.9491707421284096,0.916508050209907
0.639,0.3246831446189919,0.9500856474257986,0.913301804771976
0.64,0.32563368638239165,0.9509973442611515,0.9100911289280993
0.641,0.32658513823655255,0.9519058282124365,0.9068760394296524
0.642,0.32753749696638645,0.9528110948743813,0.9036565530432403
0.643,0.3284907593524084,0.9537131398584875,0.9004326865506146
0.644,0.3294449221707533,0.954611958793046,0.8972044567485946
0.645,0.33039998219319267,0.955507547323152,0.8939718804489885
0.646,0.3313559361871517,0.9563999011107202,0.8907349744785121
0.647,0.33231278091572586,0.9572890158344991,0.8874937556787134
0.648,0.3332705131376977,0.9581748871900865,0.8842482409058862
0.649,0.3342291296075538,0.9590575108899434,0.8809984470309968
0.65,0.3351886270755018,0.9599368826634095,0.8777443909396003
0.651,0.3361490022874869,0.960812998256717,0.8744860895317625
0.652,0.3371102519852092,0.9616858534330055,0.8712235597219787
0.653,0.3380723729061403,0.9625554439723364,0.8679568184390954
0.654,0.33903536178354027,0.9634217656717069,0.8646858826262286
0.655,0.3399992153464747,0.9642848143450645,0.8614107692406849
0.656,0.3409639303198317,0.9651445858233211,0.8581314952538815
0.657,0.34192950342433864,0.9660010759543669,0.8548480776512649
0.658,0.34289593137657937,0.9668542806030846,0.851560533432232
0.659,0.343863210889011,0.9677041956513635,0.8482688796100494
0.66,0.3448313386699812,0.9685508169981125,0.844973133211773
0.661,0.345800311423745,0.9693941405592751,0.8416733112781678
0.662,0.3467701258504819,0.9702341622678418,0.8383694308636275
0.663,0.34774077864631286,0.9710708780738645,0.8350615090360939
0.664,0.3487122665033175,0.9719042839444699,0.8317495628769777
0.665,0.34968458610955105,0.9727343758638728,0.8284336094810757
0.666,0.3506577341490616,0.9735611498333892,0.8251136659564927
0.667,0.351631707301907,0.9743846018714499,0.8217897494245586
0.668,0.3526065022441722,0.9752047280136139,0.8184618770197505
0.669,0.3535821156479862,0.9760215243125809,0.8151300658896098
0.67,0.35455854418153926,0.9768349868382048,0.8117943331946621
0.671,0.3555357845091002,0.9776451116775063,0.8084546961083363
0.672,0.35651383329103326,0.9784518949346863,0.8051111718168851
0.673,0.35749268718381566,0.979255332731138,0.801763777519303
0.674,0.3584723428400545,0.98005542120546,0.7984125304272446
0.675,0.3594527969085042,0.9808521565134689,0.7950574477649459
0.676,0.3604340460340834,0.9816455348282119,0.7916985467691419
0.677,0.3614160868578926,0.982435552339979,0.7883358446889859
0.678,0.36239891601723123,0.9832222052563155,0.7849693587859682
0.679,0.3633825301456147,0.9840054898020345,0.7815991063338357
0.68,0.3643669258727921,0.9847854022192287,0.7782251046185104
0.681,0.36535209982476313,0.985561938767283,0.7748473709380079
0.682,0.36633804862379554,0.9863350957228862,0.7714659226023576
0.683,0.36732476888844245,0.9871048693800433,0.7680807769335187
0.684,0.3683122572335596,0.9878712560500867,0.7646919512653033
0.685,0.3693005102703228,0.9886342520616892,0.7612994629432907
0.686,0.37028952460624515,0.9893938537608744,0.7579033293247485
0.687,0.3712792968451945,0.9901500575110294,0.7545035677785509
0.6880000000000001,0.3722698235874108,0.9909028596929157,0.7511001956850967
0.6890000000000001,0.3732611014295233,0.991652256704681,0.7476932304362289
0.6900000000000001,0.37425312696456825,0.9923982449618707,0.744282689435152
0.6910000000000001,0.37524589678200615,0.9931408208974387,0.7408685900963519
0.6920000000000001,0.37623940746773904,0.9938799809617593,0.737450949845513
0.6930000000000001,0.3772336556041282,0.9946157216226379,0.7340297861194373
0.6940000000000001,0.37822863777001126,0.9953480393653222,0.7306051163659633
0.6950000000000001,0.37922435054072,0.9960769306925135,0.7271769580438829
0.6960000000000001,0.38022079048809754,0.9968023921243769,0.7237453286228617
0.6970000000000001,0.38121795418051585,0.9975244201985529,0.7203102455833552
0.6980000000000001,0.38221583818289345,0.9982430114701677,0.7168717264165291
0.6990000000000001,0.38321443905671254,0.998958162511844,0.7134297886241762
0.7000000000000001,0.3842137533600368,0.9996698699137115,0.709984449718635
0.7010000000000001,0.3852137776475289,1.0003781302834176,0.7065357272227074
0.7020000000000001,0.3862145084704677,1.0010829402461376,0.703083638669578
0.7030000000000001,0.3872159423767661,1.0017842964445853,0.6996282016027316
0.704,0.3882180759109885,1.002482195539023,0.6961694335758714
0.705,0.3892209056143684,1.0031766342072717,0.6927073521528351
0.706,0.39022442802482576,1.0038676091447212,0.6892419749075168
0.707,0.39122863967698485,1.0045551170643405,0.6857733194237825
0.708,0.39223353710219167,1.0052391546966872,0.6823014032953876
0.709,0.3932391168285315,1.0059197187899176,0.6788262441258963
0.71,0.3942453753808467,1.0065968061097963,0.6753478595285995
0.711,0.3952523092807541,1.0072704134397064,0.6718662671264316
0.712,0.3962599150466628,1.0079405375806583,0.6683814845518883
0.713,0.39726818919379164,1.0086071753513,0.6648935294469464
0.714,0.39827712823418704,1.009270323587926,0.6614024194629793
0.715,0.3992867286767405,1.0099299791444865,0.6579081722606756
0.716,0.4002969870272062,1.0105861388925976,0.6544108055099578
0.717,0.4013078997882189,1.0112387997215497,0.650910336889899
0.718,0.4023194634593115,1.011887958538317,0.64740678408864
0.719,0.4033316745369327,1.0125336122675657,0.6439001648033092
0.72,0.4043445295144646,1.0131757578516642,0.640390496739938
0.721,0.40535802488224065,1.0138143922506913,0.6368777976133798
0.722,0.4063721571275632,1.0144495124424444,0.6333620851472263
0.723,0.40738692273472127,1.0150811154224497,0.6298433770737263
0.724,0.4084023181850083,1.0157091982039697,0.626321691133704
0.725,0.4094183399567397,1.0163337578180114,0.6227970450764739
0.726,0.41043498452527105,1.016954791313336,0.6192694566597603
0.727,0.4114522483630153,1.0175722957564663,0.615738943649615
0.728,0.412470127939461,1.0181862682316956,0.6122055238203336
0.729,0.4134886197211897,1.018796705841095,0.6086692149543736
0.73,0.41450772017189413,1.0194036057045224,0.6051300348422716
0.731,0.41552742575239565,1.0200069649596304,0.601588001282561
0.732,0.4165477329206621,1.0206067807618737,0.5980431320816894
0.733,0.4175686381318258,1.021203050284518,0.5944954450539354
0.734,0.41859013783820126,1.0217957707186465,0.5909449580213267
0.735,0.4196122284893029,1.0223849392731688,0.5873916888135577
0.736,0.420634906531863,1.0229705531748277,0.5838356552679052
0.737,0.42165816840984943,1.0235526096682068,0.5802768752291471
0.738,0.42268201056448373,1.0241311060157388,0.5767153665494797
0.739,0.4237064294342587,1.0247060394977119,0.5731511470884346
0.74,0.42473142145495635,1.0252774074122775,0.5695842347127951
0.741,0.4257569830596658,1.0258452070754573,0.5660146472965153
0.742,0.4267831106788011,1.0264094358211506,0.5624424027206364
0.743,0.42780980074011915,1.0269700910011412,0.558867518873203
0.744,0.42883704966873765,1.0275271699851047,0.5552900136491815
0.745,0.42986485388715284,1.0280806701606147,0.5517099049503772
0.746,0.4308932098152575,1.02863058893315,0.5481272106853509
0.747,0.43192211387035895,1.0291769237261015,0.5445419487693355
0.748,0.4329515624671966,1.0297196719807789,0.5409541371241554
0.749,0.43398155201796046,1.0302588311564163,0.5373637936781414
0.75,0.4350120789323085,1.0307943987301798,0.533770936366048
0.751,0.4360431396173849,1.0313263721971733,0.5301755831289717
0.752,0.4370747304778379,1.031854749070445,0.5265777519142681
0.753,0.4381068479158378,1.0323795268809937,0.5229774606754661
0.754,0.43913948833109495,1.0329007031777744,0.5193747273721891
0.755,0.4401726481208774,1.033418275527705,0.5157695699700695
0.756,0.4412063236800294,1.033932241515672,0.5121620064406655
0.757,0.44224051140098875,1.0344425987445363,0.5085520547613798
0.758,0.44327520767380535,1.034949344835139,0.5049397329153757
0.759,0.44431040888615886,1.0354524774263076,0.5013250588914936
0.76,0.44534611142337677,1.035951994174861,0.4977080506841687
0.761,0.4463823116684523,1.0364478927556149,0.494088726293348
0.762,0.44741900600206264,1.0369401708613883,0.4904671037244066
0.763,0.4484561908025867,1.037428826203008,0.486843200988065
0.764,0.4494938624461232,1.037913856509314,0.48321703610030675
0.765,0.4505320173065088,1.038395259527165,0.47958862708229444
0.766,0.451570651755336,1.0388730330214437,0.4759579919602871
0.767,0.45260976216197113,1.0393471747750613,0.4723251487655571
0.768,0.4536493448935725,1.0398176825889627,0.46869011553430584
0.769,0.45468939631510846,1.0402845542821315,0.4650529103075832
0.77,0.4557299127893752,1.0407477876915947,0.46141355113120286
0.771,0.4567708906770151,1.0412073806724276,0.4577720560556592
0.772,0.45781232633653457,1.041663331097758,0.4541284431360435
0.773,0.4588542161243222,1.0421156368587716,0.4504827304319632
0.774,0.45989655639466676,1.0425642958647152,0.44683493600745616
0.775,0.46093934349977533,1.0430093060429024,0.4431850779309098
0.776,0.4619825737897914,1.0434506653387172,0.4395331742749756
0.777,0.4630262436128128,1.0438883717156182,0.43587924311648785
0.778,0.46407034931490987,1.044322423155143,0.43222330253637953
0.779,0.4651148872401435,1.044752817656912,0.4285653706196004
0.78,0.46615985373058333,1.045179553238633,0.4249054654550328
0.781,0.46720524512632566,1.045602627936104,0.4212436051354074
0.782,0.46825105776551174,1.0460220398032176,0.4175798077572229
0.783,0.4692972879843456,1.0464377869119654,0.41391409142066127
0.784,0.4703439321171125,1.0468498673524407,0.41024647422950367
0.785,0.47139098649619676,1.047258279232842,0.4065769742910491
0.786,0.4724384474520999,1.0476630206794773,0.4029056097160305
0.787,0.4734863113134589,1.0480640898367666,0.3992323986185312
0.788,0.47453457440706415,1.048461484867246,0.39555735911590295
0.789,0.47558323305787764,1.0488552039515702,0.39188050932868124
0.79,0.47663228358905113,1.0492452452885164,0.3882018673805029
0.791,0.47768172232194417,1.0496316070949865,0.3845214513980235
0.792,0.4787315455761423,1.0500142876060108,0.38083927951083374
0.793,0.47978174966947507,1.0503932850747506,0.37715536985137543
0.794,0.4808323309180344,1.0507685977725012,0.37346974055486026
0.795,0.48188328563619254,1.051140223988694,0.36978240975918464
0.796,0.48293461013662015,1.0515081620309,0.36609339560484744
0.797,0.4839863007303046,1.0518724102248318,0.36240271623486886
0.798,0.485038353726568,1.0522329669143464,0.3587103897947026
0.799,0.4860907654330855,1.0525898304614472,0.35501643443215736
0.8,0.48714353215590317,1.0529429992462866,0.3513208682973116
0.801,0.4881966501994564,1.0532924716671686,0.34762370954243027
0.802,0.489250115866588,1.0536382461405498,0.343924976321882
0.803,0.4903039254585662,1.0539803211010426,0.3402246867920572
0.804,0.49135807527510306,1.0543186950014167,0.3365228591112829
0.805,0.4924125616143723,1.0546533663126014,0.3328195114397414
0.806,0.4934673807730279,1.0549843335236866,0.32911466193938566
0.807,0.49452252904622174,1.0553115951419252,0.3254083287738576
0.808,0.49557800272762226,1.0556351496927343,0.3217005301084045
0.809,0.49663379810943226,1.0559549957196974,0.3179912841097957
0.81,0.49768991148240727,1.0562711317845654,0.31428060894623955
0.811,0.49874633913587363,1.056583556467258,0.31056852278730096
0.812,0.4998030773577467,1.0568922683658653,0.3068550438038181
0.8130000000000001,0.500860122434549,1.0571972660966482,0.30314019016781857
0.8140000000000001,0.5019174706514284,1.057498548294041,0.29942398005243787
0.8150000000000001,0.5029751182921764,1.0577961136106515,0.2957064316318343
0.8160000000000001,0.5040330616392461,1.0580899607172616,0.2919875630811093
0.8170000000000001,0.5050912969737703,1.0583800883028291,0.28826739257622047
0.8180000000000001,0.5061498205755801,1.0586664950744882,0.2845459382939015
0.8190000000000001,0.5072086287232227,1.05894917975755,0.280823218411578
0.8200000000000001,0.5082677176939798,1.059228141095504,0.27709925110728495
0.8210000000000001,0.5093270837638856,1.059503377850017,0.2733740545595833
0.8220000000000001,0.5103867232077449,1.059774888800935,0.2696476469474778
0.8230000000000001,0.5114466322991519,1.0600426727462835,0.26592004645033285
0.8240000000000001,0.5125068073105074,1.0603067285022671,0.2621912712477916
0.8250000000000001,0.5135672445130377,1.0605670549032706,0.2584613395196904
0.8260000000000001,0.5146279401768127,1.060823650801858,0.2547302694459781
0.8270000000000001,0.5156888905707638,1.061076515068774,0.25099807920663264
0.8280000000000001,0.5167500919627023,1.0613256465929428,0.2472647869815776
0.8290000000000001,0.5178115406193374,1.0615710442814685,0.24353041095060002
0.8300000000000001,0.5188732328062947,1.0618127070596353,0.23979496929326705
0.8310000000000001,0.5199351647881341,1.0620506338709061,0.23605848018884323
0.8320000000000001,0.5209973328283678,1.0622848236769236,0.23232096181620898
0.833,0.5220597331894791,1.0625152754575087,0.22858243235377596
0.834,0.5231223621329399,1.0627419882106606,0.22484290997940515
0.835,0.5241852159192296,1.062964960952556,0.22110241287032317
0.836,0.5252482908078524,1.0631841927175485,0.21736095920304255
0.837,0.5263115830573563,1.063399682558168,0.21361856715327487
0.838,0.5273750889253506,1.0636114295451193,0.20987525489585157
0.839,0.5284388046685246,1.0638194327672819,0.2061310406046395
0.84,0.5295027265426655,1.0640236913317083,0.2023859424524581
0.841,0.5305668508026767,1.0642242043636236,0.19863997861099736
0.842,0.5316311737025959,1.064420971006424,0.19489316725073635
0.843,0.5326956914956134,1.0646139904216754,0.19114552654085748
0.844,0.5337604004340897,1.0648032617891119,0.18739707464916733
0.845,0.5348252967695746,1.0649887843066352,0.1836478297420121
0.846,0.5358903767528247,1.0651705571903125,0.1798978099841957
0.847,0.5369556366338217,1.0653485796743747,0.1761470335388975
0.848,0.5380210726617907,1.0655228510112151,0.17239551856758872
0.849,0.5390866810852182,1.0656933704713878,0.16864328322995226
0.85,0.5401524581518704,1.0658601373436056,0.16489034568379668
0.851,0.5412184001088113,1.066023150934738,0.16113672408497703
0.852,0.5422845032024208,1.0661824105698094,0.157382436587312
0.853,0.543350763678413,1.066337915591997,0.1536275013424988
0.854,0.544417177781854,1.0664896653626286,0.14987193650003494
0.855,0.5454837417571805,1.0666376592611804,0.14611576020713235
0.856,0.5465504518482178,1.0667818966852745,0.14235899060863755
0.857,0.5476173042981978,1.0669223770506766,0.13860164584694723
0.858,0.5486842953497771,1.0670590997912939,0.13484374406192812
0.859,0.5497514212450557,1.0671920643591717,0.13108530339083324
0.86,0.5508186782255943,1.0673212702244916,0.12732634196822068
0.861,0.5518860625324329,1.0674467168755681,0.12356687792586984
0.862,0.552953570406109,1.0675684038188464,0.11980692939270177
0.863,0.5540211980866757,1.0676863305788986,0.11604651449469494
0.864,0.5550889418137196,1.0678004966984218,0.11228565135480384
0.865,0.556156797826379,1.0679109017382342,0.10852435809287697
0.866,0.557224762363362,1.0680175452772724,0.10476265282557518
0.867,0.5582928316629652,1.0681204269125881,0.10100055366628902
0.868,0.5593610019630907,1.0682195462593445,0.09723807872505663
0.869,0.5604292695012651,1.0683149029508132,0.09347524610848246
0.87,0.5614976305146574,1.0684064966383708,0.08971207391965552
0.871,0.5625660812400968,1.068494326991495,0.08594858025806595
0.872,0.5636346179140911,1.0685783936977613,0.08218478321952527
0.873,0.5647032367728448,1.068658696462839,0.07842070089608244
0.874,0.5657719340522772,1.068735235010488,0.07465635137594395
0.875,0.5668407059880403,1.0688080090825536,0.07089175274339055
0.876,0.5679095488155368,1.068877018438964,0.06712692307869617
0.877,0.5689784587699387,1.0689422628577256,0.0633618804580467
0.878,0.5700474320862048,1.0690037421349188,0.059596642953457124
0.879,0.5711164649990991,1.0690614560846938,0.05583122863269163
0.88,0.5721855537432088,1.0691154045392666,0.05206565555917919
0.881,0.5732546945529623,1.0691655873489143,0.0482999417919352
0.882,0.5743238836626474,1.0692120043819708,0.04453410538547775
0.883,0.5753931173064292,1.0692546555248224,0.04076816438974595
0.884,0.5764623917183681,1.0692935406819024,0.03700213685002107
0.885,0.5775317031324382,1.069328659775688,0.03323604080684195
0.886,0.5786010477825448,1.0693600127466936,0.02946989429592528
0.887,0.5796704219025431,1.0693875995534674,0.025703715348084133
0.888,0.5807398217262556,1.069411420172586,0.021937521989145337
0.889,0.5818092434874903,1.0694314745986488,0.018171332239870663
0.89,0.5828786834200591,1.069447762844274,0.014405164115873337
0.891,0.5839481377577953,1.0694602849400925,0.010639035627537208
0.892,0.5850176027345719,1.0694690409347427,0.006872964779936153
0.893,0.5860870745843196,1.0694740308948658,0.0031069695727530267
0.894,0.5871565495410447,1.0694752549050999,-0.0006589319998022702
0.895,0.588226023838847,1.0694727130680741,-0.004424721949073174
0.896,0.5892954937119382,1.0694664055044039,-0.008190382292038612
0.897,0.5903649553946595,1.0694563323526847,-0.01195589505139183
0.898,0.5914344051214995,1.0694424937694862,-0.015721242255623435
0.899,0.5925038391271125,1.069424889929347,-0.01948640593910156
0.9,0.5935732536463363,1.069403521024768,-0.023251368142152895
0.901,0.5946426449142103,1.0693783872662073,-0.02701611091114331
0.902,0.5957120091659931,1.069349488882073,-0.03078061629855866
0.903,0.596781342637181,1.0693168261187178,-0.03454486636308651
0.904,0.5978506415635252,1.0692803992404327,-0.03830884316969452
0.905,0.5989199021810505,1.0692402085294406,-0.0420725287897139
0.906,0.5999891207260728,1.0691962542858895,-0.04583590530091808
0.907,0.6010582934352171,1.0691485368278468,-0.04959895478760479
0.908,0.6021274165454353,1.0690970564912923,-0.05336165934067538
0.909,0.6031964862940244,1.069041813630111,-0.05712400105771587
0.91,0.6042654989186442,1.0689828086160875,-0.06088596204307706
0.911,0.6053344506573352,1.0689200418388984,-0.06464752440795629
0.912,0.6064033377485364,1.0688535137061057,-0.06840867027047559
0.913,0.6074721564311036,1.06878322464315,-0.07216938175576493
0.914,0.6085409029443267,1.0687091750933426,-0.07592964099603927
0.915,0.609609573527948,1.0686313655178599,-0.07968943013068053
0.916,0.6106781644221798,1.0685497963957344,-0.0834487313063188
0.917,0.6117466718677225,1.068464468223849,-0.08720752667691034
0.918,0.6128150921057821,1.0683753815169288,-0.09096579840381991
0.919,0.6138834213780885,1.0682825368075333,-0.09472352865589806
0.92,0.6149516559269128,1.0681859346460498,-0.0984806996095644
0.921,0.6160197919950856,1.0680855756006855,-0.10223729344888421
0.922,0.6170878258260145,1.0679814602574595,-0.10599329236565169
0.923,0.6181557536637021,1.0678735892201952,-0.1097486785594679
0.924,0.6192235717527638,1.0677619631105124,-0.11350343423782139
0.925,0.6202912763384452,1.0676465825678196,-0.11725754161616586
0.926,0.6213588636666405,1.0675274482493058,-0.1210109829180035
0.927,0.6224263299839099,1.067404560829932,-0.12476374037496196
0.928,0.6234936715374974,1.0672779210024244,-0.1285157962268748
0.929,0.6245608845753485,1.067147529477264,-0.1322671327218614
0.93,0.6256279653461284,1.0670133869826808,-0.13601773211640644
0.931,0.626694910099239,1.0668754942646432,-0.13976757667543893
0.932,0.6277617150848375,1.0667338520868508,-0.14351664867241198
0.933,0.628828376553853,1.0665884612307253,-0.1472649303893816
0.934,0.6298948907580055,1.0664393224954019,-0.1510124041170875
0.935,0.6309612539498227,1.066286436697721,-0.1547590521550306
0.936,0.6320274623826581,1.066129804672219,-0.15850485681155435
0.937,0.6330935123107083,1.0659694272711193,-0.16224980040392123
0.9380000000000001,0.6341593999890314,1.065805305364324,-0.16599386525839477
0.9390000000000001,0.6352251216735639,1.0656374398394035,-0.1697370337103159
0.9400000000000001,0.6362906736211389,1.0654658316015893,-0.17347928810418356
0.9410000000000001,0.6373560520895034,1.0652904815737632,-0.17722061079373463
0.9420000000000001,0.6384212533373362,1.065111390696449,-0.18096098414202078
0.9430000000000001,0.6394862736242655,1.0649285599278022,-0.18470039052148746
0.9440000000000001,0.6405511092108863,1.0647419902436017,-0.18843881231405502
0.9450000000000001,0.6416157563587783,1.0645516826372394,-0.1921762319111946
0.9460000000000001,0.6426802113305234,1.0643576381197108,-0.19591263171400874
0.9470000000000001,0.6437444703897233,1.0641598577196059,-0.19964799413330914
0.9480000000000001,0.6448085298010169,1.0639583424830985,-0.20338230158969606
0.9490000000000001,0.6458723858300982,1.0637530934739374,-0.2071155365136359
0.9500000000000001,0.646936034743734,1.0635441117734354,-0.21084768134553977
0.9510000000000001,0.6479994728097807,1.0633313984804602,-0.21457871853584298
0.9520000000000001,0.6490626962972026,1.063114954711424,-0.21830863054508254
0.9530000000000001,0.6501257014760892,1.0628947816002736,-0.2220373998439753
0.9540000000000001,0.6511884846176725,1.0626708802984794,-0.22576500891349682
0.9550000000000001,0.6522510419943451,1.0624432519750262,-0.2294914402449586
0.9560000000000001,0.6533133698796771,1.062211897816402,-0.23321667634008847
0.9570000000000001,0.6543754645484339,1.0619768190265875,-0.23694069971110499
0.9580000000000001,0.6554373222765933,1.0617380168270467,-0.24066349288079913
0.9590000000000001,0.6564989393413639,1.0614954924567153,-0.2443850383826096
0.96,0.6575603120212016,1.0612492471719897,-0.24810531876070296
0.961,0.6586214365958274,1.060999282246717,-0.25182431657004933
0.962,0.6596823093462449,1.060745598972184,-0.25554201437650104
0.963,0.6607429265547579,1.060488198657106,-0.2592583947568712
0.964,0.6618032845049873,1.0602270826276163,-0.26297344029901026
0.965,0.6628633794818891,1.0599622522272545,-0.2666871336018837
0.966,0.6639232077717715,1.0596937088169556,-0.2703994572756494
0.967,0.6649827656623122,1.059421453775039,-0.2741103939417373
0.968,0.666042049442576,1.0591454884971971,-0.27781992623292284
0.969,0.667101055403032,1.0588658143964835,-0.28152803679340743
0.97,0.6681597798355712,1.058582432903302,-0.2852347082788951
0.971,0.6692182190335234,1.058295345465395,-0.28893992335666896
0.972,0.6702763692916751,1.0580045535478317,-0.29264366470566916
0.973,0.6713342269062863,1.0577100586329966,-0.29634591501656904
0.974,0.6723917881751083,1.0574118622205773,-0.30004665699185273
0.975,0.6734490493974002,1.0571099658275533,-0.3037458733458931
0.976,0.6745060068739476,1.0568043709881838,-0.30744354680502695
0.977,0.6755626569070781,1.0564950792539956,-0.31113966010763217
0.978,0.6766189958006799,1.0561820921937708,-0.3148341960042056
0.979,0.6776750198602186,1.055865411393535,-0.31852713725743875
0.98,0.6787307253927544,1.0555450384565455,-0.3222184666422947
0.981,0.6797861087069592,1.0552209750032777,-0.3259081669460848
0.982,0.6808411661131344,1.0548932226714138,-0.32959622096854524
0.983,0.6818958939232271,1.0545617831158303,-0.33328261152191274
0.984,0.6829502884508485,1.0542266580085848,-0.3369673214310016
0.985,0.6840043460112899,1.053887849038904,-0.3406503335332802
0.986,0.6850580629215407,1.0535453579131706,-0.3443316306789468
0.987,0.6861114355003051,1.0531991863549108,-0.3480111957310055
0.988,0.6871644600680196,1.0528493361047813,-0.3516890115653428
0.989,0.6882171329468696,1.0524958089205565,-0.35536506107080323
0.99,0.6892694504608072,1.0521386065771154,-0.3590393271492667
0.991,0.6903214089355677,1.0517777308664287,-0.3627117927157215
0.992,0.691373004698687,1.0514131835975453,-0.36638244069834314
0.993,0.6924242340795185,1.0510449665965795,-0.3700512540385681
0.994,0.6934750934092502,1.0506730817066976,-0.37371821569116936
0.995,0.6945255790209219,1.050297530788104,-0.37738330862433545
0.996,0.6955756872494422,1.0499183157180283,-0.3810465158197398
0.997,0.6966254144316052,1.049535438390712,-0.38470782027262307
0.998,0.6976747569061079,1.0491489007173944,-0.38836720499186317
0.999,0.698723711013567,1.0487587046262987,-0.39202465300005307
1.0,0.6997722730965359,1.0483648520626192,-0.39568014733357604
